Feature,Importance,Cumulative_Importance,Missing_Percent
C13,4.2125526952836445,4.2125526952836445,0.0
C1,3.890338930733168,8.102891626016813,0.0
C14,3.6872528385073435,11.790144464524158,0.0
card2,3.5936347143842418,15.3837791789084,1.51
TransactionAmt,3.026512337370029,18.410291516278427,0.0
M4,2.756451264204585,21.166742780483013,47.66
addr1,2.715927513758517,23.882670294241528,11.13
card6,2.681907764289156,26.564578058530685,0.27
M5,2.438416940632288,29.002994999162972,59.35
DeviceInfo,2.1914096666390157,31.194404665801986,79.91
card1,2.1149354230280584,33.30934008883005,0.0
D1,1.798819523954044,35.10815961278409,0.21
D2,1.633424792289909,36.741584405074,47.55
C6,1.6329296309163353,38.37451403599034,0.0
P_emaildomain,1.4559352632704197,39.830449299260756,15.99
card3,1.4459720083455423,41.2764213076063,0.27
V317,1.4360491216244757,42.71247042923078,0.0
card5,1.4029520852780073,44.115422514508786,0.72
C12,1.3029834625576997,45.418405977066485,0.0
C11,1.279765093707833,46.698171070774315,0.0
