Feature,Importance,Cumulative_Importance
C13,4.2125526952836445,4.2125526952836445
C1,3.890338930733168,8.102891626016813
C14,3.6872528385073435,11.790144464524158
card2,3.5936347143842418,15.3837791789084
TransactionAmt,3.026512337370029,18.410291516278427
M4,2.756451264204585,21.166742780483013
addr1,2.715927513758517,23.882670294241528
card6,2.681907764289156,26.564578058530685
M5,2.438416940632288,29.002994999162972
DeviceInfo,2.1914096666390157,31.194404665801986
card1,2.1149354230280584,33.30934008883005
D1,1.798819523954044,35.10815961278409
D2,1.633424792289909,36.741584405074
C6,1.6329296309163353,38.37451403599034
P_emaildomain,1.4559352632704197,39.830449299260756
card3,1.4459720083455423,41.2764213076063
V317,1.4360491216244757,42.71247042923078
card5,1.4029520852780073,44.115422514508786
C12,1.3029834625576997,45.418405977066485
C11,1.279765093707833,46.698171070774315
C2,1.2411097598738614,47.93928083064817
D15,1.227202584918018,49.16648341556619
V69,1.214838707560675,50.381322123126864
V312,1.1699936453132571,51.55131576844012
R_emaildomain,1.1201274411907334,52.67144320963085
V283,1.0114141202891045,53.682857329919955
M6,0.9908255894782299,54.67368291939818
V294,0.9639078939226351,55.63759081332082
D8,0.8233360608967848,56.460926874217606
D10,0.8187889070022695,57.27971578121988
C5,0.8061324155340448,58.08584819675392
V285,0.7184252358085966,58.80427343256252
V308,0.7091846314752099,59.51345806403773
dist1,0.707304872588224,60.22076293662595
V281,0.6966481428722426,60.917411079498194
id_33,0.6872193603141761,61.60463043981237
id_31,0.6867324512466509,62.291362891059016
D4,0.6793490251220118,62.97071191618103
V54,0.664851247318139,63.63556316349917
C9,0.6555147798070821,64.29107794330625
V134,0.6516020739121473,64.9426800172184
ProductCD,0.6328059712605721,65.57548598847896
V16,0.6280541076102029,66.20354009608916
V313,0.6259102894240943,66.82945038551325
V310,0.6127689515522158,67.44221933706547
V67,0.6064440357779425,68.04866337284341
C8,0.6057536696770726,68.65441704252048
D3,0.5733559110717594,69.22777295359224
V282,0.5620100460145074,69.78978299960674
V258,0.5587261395606069,70.34850913916735
V296,0.5081465419920355,70.85665568115938
V82,0.5026472795046626,71.35930296066404
V307,0.49885891451724085,71.85816187518128
TranHour,0.4734780749893679,72.33163995017065
C4,0.4732693749459935,72.80490932511665
V62,0.46895110802506135,73.27386043314172
V274,0.4627243050288939,73.73658473817062
V56,0.45668478190693795,74.19326952007756
V20,0.4553185203357439,74.6485880404133
V315,0.44702244290756477,75.09561048332087
V314,0.44223274610089003,75.53784322942175
V45,0.4418478337948672,75.97969106321662
V30,0.41649751772559757,76.39618858094222
V83,0.41641005512240536,76.81259863606464
C7,0.4090807624061902,77.22167939847083
V13,0.3971088925530596,77.61878829102389
id_02,0.3934372993091132,78.012225590333
V102,0.3899722886117685,78.40219787894478
id_20,0.3829510613969086,78.78514894034168
V279,0.37287686953540533,79.15802580987709
V49,0.3690149163095271,79.52704072618661
card4,0.36856849456670404,79.89560922075331
id_01,0.3580155054505959,80.25362472620391
V145,0.3498878390660121,80.60351256526992
V91,0.34289912001439155,80.94641168528432
V189,0.34210125249134604,81.28851293777566
V165,0.3368544075065994,81.62536734528226
V133,0.33447790034535474,81.9598452456276
C10,0.329193514903023,82.28903876053063
V131,0.32660540268407795,82.61564416321471
M3,0.3251517472372053,82.94079591045191
V201,0.3216543927666111,83.26245030321853
V33,0.31895750100165055,83.58140780422018
V44,0.29750460149133867,83.87891240571152
V71,0.2931867891203296,84.17209919483184
V59,0.2917763363529868,84.46387553118483
id_17,0.2866254516478233,84.75050098283265
V38,0.27868741297554744,85.02918839580819
V280,0.2717815768893411,85.30096997269753
V143,0.2700347214729492,85.57100469417048
C3,0.26965512587003876,85.84065982004053
id_30,0.25852849329370087,86.09918831333422
V320,0.2532670696484135,86.35245538298264
V53,0.2526431368298195,86.60509851981246
V257,0.25096225601335903,86.85606077582581
V230,0.25062029071865155,87.10668106654447
V316,0.24301344207167172,87.34969450861614
M9,0.23860683348191206,87.58830134209805
D13,0.2380148435234307,87.82631618562148
V76,0.23756086937180296,88.06387705499328
V55,0.23492467828932997,88.29880173328262
V12,0.23336434716365176,88.53216608044627
id_03,0.21766760186239556,88.74983368230868
V289,0.21647948493239222,88.96631316724107
D12,0.210994859038247,89.17730802627932
id_05,0.19956377260784405,89.37687179888717
V42,0.1925091486943196,89.56938094758148
V96,0.19162769068240185,89.76100863826387
dist2,0.18992363950685667,89.95093227777073
id_38,0.18819600718572804,90.13912828495646
V77,0.18177647036603217,90.32090475532249
D11,0.18107626585595119,90.50198102117844
V156,0.1771741475150167,90.67915516869346
V242,0.17060446706953672,90.849759635763
V35,0.17034766434686982,91.02010730010986
V329,0.1653332263594957,91.18544052646935
V130,0.15708633629869367,91.34252686276804
V271,0.14952333444219582,91.49205019721023
id_06,0.14911452526843702,91.64116472247866
D14,0.14614808135977256,91.78731280383843
V87,0.14416739712238624,91.93148020096082
V94,0.1437141744770124,92.07519437543783
V73,0.14306969074711964,92.21826406618496
id_18,0.14109970720347598,92.35936377338844
id_13,0.1357959185902695,92.49515969197871
V298,0.13151593682663415,92.62667562880534
V318,0.12562038299754857,92.7522960118029
V58,0.12328386337826151,92.87557987518116
V99,0.12130937153305318,92.99688924671422
id_19,0.12107880321880633,93.11796804993303
V309,0.11985741858655946,93.23782546851959
V151,0.1153859106029232,93.35321137912251
V169,0.11504815597253283,93.46825953509504
V288,0.11427785403267639,93.58253738912772
V244,0.11161137603096043,93.69414876515869
V187,0.11073985123666014,93.80488861639535
V74,0.10744923540740509,93.91233785180275
V162,0.10351479805400447,94.01585264985675
V153,0.10304192438876981,94.11889457424553
id_09,0.10131830347392412,94.22021287771945
V261,0.09961016355716854,94.31982304127662
V43,0.09689532559196902,94.4167183668686
V147,0.09560679807288675,94.51232516494149
V61,0.09190231114838086,94.60422747608986
V154,0.09130774239661713,94.69553521848648
V36,0.088610525186155,94.78414574367264
V171,0.08737023000628072,94.87151597367892
V277,0.08707853303304391,94.95859450671198
V14,0.08169895211892775,95.0402934588309
V210,0.08027917590102925,95.12057263473193
id_16,0.07955955943927664,95.2001321941712
V86,0.07915552288040384,95.2792877170516
V149,0.07848937251957211,95.35777708957117
V25,0.07795190156876843,95.43572899113994
id_14,0.07512887309141371,95.51085786423135
V266,0.07506931282680267,95.58592717705815
V311,0.07482598624061006,95.66075316329876
V194,0.07478729853637847,95.73554046183514
V256,0.07397471145005008,95.80951517328519
V40,0.07312409367682489,95.88263926696202
V139,0.07162364866118345,95.9542629156232
V66,0.0715128613682112,96.02577577699141
V243,0.07127288497501943,96.09704866196643
M7,0.07012752158148107,96.16717618354791
V291,0.06997896168142306,96.23715514522934
V245,0.06833145918962243,96.30548660441896
V177,0.06752642589862312,96.37301303031758
V273,0.06679143472758084,96.43980446504516
DeviceType,0.06469176360282741,96.50449622864798
V24,0.06392473205098617,96.56842096069897
V168,0.06305997297584114,96.63148093367481
V220,0.06290672317615818,96.69438765685096
V301,0.06232369960089554,96.75671135645186
V70,0.061778375705862934,96.81848973215772
V188,0.057026113277468815,96.87551584543519
V51,0.055483752244269414,96.93099959767946
V129,0.05242916942898442,96.98342876710845
V157,0.052282686902199144,97.03571145401065
V2,0.05148922434673296,97.08720067835739
V34,0.05057591673006068,97.13777659508744
V52,0.04904754005584019,97.18682413514328
V272,0.04889606938250604,97.23572020452579
V109,0.04655536575043791,97.28227557027623
V223,0.04637825452160942,97.32865382479784
M1,0.04623027708264401,97.37488410188048
id_34,0.045255201371246494,97.42013930325173
M2,0.04449902814565618,97.46463833139738
V159,0.04435953995506415,97.50899787135245
id_07,0.043312296071661704,97.55231016742411
V218,0.04305088758536658,97.59536105500948
V269,0.04221226412386075,97.63757331913334
V207,0.04194988100688654,97.67952320014022
V146,0.041389104501591924,97.72091230464181
V78,0.04103982187339793,97.76195212651521
id_37,0.0408799870371075,97.80283211355231
V170,0.03987097367667223,97.84270308722898
V217,0.039346453780727736,97.8820495410097
V175,0.03860574048430435,97.920655281494
V37,0.038106255791880164,97.95876153728588
V259,0.037935804223940314,97.99669734150982
V306,0.036504683535700584,98.03320202504551
V276,0.03638181790765711,98.06958384295316
V136,0.036183809458093415,98.10576765241126
V75,0.03529204386410085,98.14105969627536
V262,0.034726288081310334,98.17578598435668
V238,0.03422742942670634,98.21001341378339
V81,0.03333841471142837,98.24335182849481
V275,0.03328335069016456,98.27663517918498
V11,0.03327052712690863,98.30990570631188
V251,0.0328482549488887,98.34275396126077
V178,0.032112469821769574,98.37486643108254
V115,0.031888281402050356,98.40675471248458
V32,0.03183344453857483,98.43858815702316
V319,0.03123387708793387,98.46982203411109
DayOfWeek,0.029708268571005263,98.49953030268209
V265,0.029692905497853278,98.52922320817994
V204,0.028877909508726724,98.55810111768866
V167,0.02832182871705481,98.58642294640572
V303,0.028192279587840006,98.61461522599356
V292,0.02816058554005442,98.64277581153361
V6,0.02697370194382262,98.66974951347743
V79,0.02639777383247715,98.6961472873099
D5,0.025793812493345596,98.72194109980325
V332,0.025639782568849374,98.74758088237209
V85,0.02517420087465925,98.77275508324675
V118,0.025048800613618853,98.79780388386037
V158,0.023098162043998977,98.82090204590436
V304,0.02197086717970046,98.84287291308407
V221,0.0217001088251514,98.86457302190922
V105,0.021198857622083157,98.8857718795313
V254,0.021197956501665654,98.90696983603297
V5,0.0211690085619909,98.92813884459497
V90,0.020366912160057475,98.94850575675503
V233,0.020344084145207216,98.96884984090023
V23,0.02026064708053646,98.98911048798077
V321,0.019426979591451385,99.00853746757222
M8,0.019248827006553355,99.02778629457877
id_23,0.019159810985614926,99.04694610556439
V293,0.018734209272815626,99.06568031483721
V3,0.018564273304655324,99.08424458814187
V336,0.018468115100258375,99.10271270324213
V39,0.01844897280849943,99.12116167605063
V209,0.01820421014658474,99.13936588619721
V228,0.017732501800601163,99.1570983879978
V127,0.01753695035782857,99.17463533835563
V19,0.01745089125267165,99.1920862296083
V173,0.017408742318744664,99.20949497192704
V287,0.017297677761179145,99.22679264968822
V200,0.017077772657244895,99.24387042234547
V26,0.016888691297744392,99.26075911364322
V327,0.0168170409000428,99.27757615454325
V98,0.016474156888540092,99.29405031143179
addr2,0.016065296259357785,99.31011560769115
V335,0.015843276029048396,99.32595888372019
V72,0.015126537242749108,99.34108542096294
V7,0.01503944823498102,99.35612486919793
D6,0.014924231967716575,99.37104910116564
id_24,0.01479992589406077,99.3858490270597
V132,0.014785813074747065,99.40063484013446
V278,0.01411508035820864,99.41474992049267
V93,0.013895583693256533,99.42864550418592
D9,0.013811104439896338,99.44245660862582
V205,0.013750302330189524,99.45620691095601
V124,0.013494624120131686,99.46970153507614
V270,0.013434046377386518,99.48313558145352
V60,0.013393676925322987,99.49652925837884
V212,0.013220306649918497,99.50974956502876
V4,0.013068811374171934,99.52281837640292
V339,0.012886215627141597,99.53570459203007
V180,0.012643161243340383,99.54834775327342
V161,0.012621615840576778,99.56096936911399
V248,0.012476396373776006,99.57344576548776
V193,0.01212095172209353,99.58556671720986
V290,0.012111475348114598,99.59767819255798
V116,0.012050823885786726,99.60972901644377
V148,0.012020916713466721,99.62174993315723
V29,0.011811228664728682,99.63356116182196
V253,0.011564484393436901,99.64512564621539
V150,0.0115575308781111,99.6566831770935
id_11,0.011551343678961259,99.66823452077246
V192,0.011465263259773078,99.67969978403224
id_25,0.01132804620154699,99.69102783023378
V197,0.011027403704794535,99.70205523393858
V144,0.010850667034739367,99.71290590097333
V239,0.010737878717072116,99.72364377969039
V213,0.01067451905903633,99.73431829874943
V152,0.01060405694374866,99.74492235569318
V286,0.010474994955133848,99.75539735064831
id_08,0.00978704575944022,99.76518439640775
V110,0.009372652598448607,99.77455704900619
V300,0.009270460658221435,99.7838275096644
id_15,0.008949963238030694,99.79277747290243
V140,0.008608843394683877,99.80138631629711
V299,0.008516325863107783,99.80990264216022
V184,0.008083295249376829,99.8179859374096
V206,0.008057926058700845,99.8260438634683
id_21,0.007919825990294012,99.8339636894586
V108,0.007805108936786827,99.84176879839539
V216,0.007782283467678303,99.84955108186307
V203,0.00772636882907615,99.85727745069215
V63,0.007659874958218505,99.86493732565037
id_22,0.007294244194137207,99.87223156984452
V190,0.007248688199824937,99.87948025804434
V185,0.007216322245365407,99.88669658028971
V237,0.007200163111766508,99.89389674340147
V235,0.006791036300082876,99.90068777970156
id_32,0.006525183446391765,99.90721296314794
V334,0.006438046116866571,99.91365100926481
V176,0.006293036555653212,99.91994404582046
V47,0.005868514283116128,99.92581256010358
id_12,0.005127487939910883,99.9309400480435
V111,0.004533150575397866,99.9354731986189
V199,0.0044863427465512435,99.93995954136544
V227,0.004222601459950889,99.9441821428254
V331,0.004203025045046441,99.94838516787044
V135,0.004072158077174517,99.95245732594762
id_36,0.003923863385796929,99.95638118933341
V163,0.0036416729808438327,99.96002286231426
V234,0.0034999460114059004,99.96352280832566
V17,0.003311542701506562,99.96683435102717
V80,0.0031671885647349064,99.9700015395919
V84,0.0028389093779640313,99.97284044896988
V18,0.0026866414215949166,99.97552709039147
V138,0.0026383954403867978,99.97816548583185
id_27,0.0024670748351274608,99.98063256066698
V195,0.0024213155768582476,99.98305387624383
V142,0.0023668927139990923,99.98542076895782
V240,0.002293042650041476,99.98771381160786
V15,0.002104852284170023,99.98981866389204
V255,0.001935987522026772,99.99175465141407
V219,0.0019232107255951975,99.99367786213966
V196,0.0017973491430460905,99.99547521128271
id_26,0.001549210744434284,99.99702442202714
V263,0.0008967858618183293,99.99792120788895
id_35,0.0008444699692892116,99.99876567785824
V208,0.0007670181267964024,99.99953269598504
V295,0.00021161715710937528,99.99974431314214
V172,0.00013260385114543285,99.99987691699329
V141,8.706198410103064e-05,99.99996397897739
id_28,3.602102233530793e-05,99.99999999999973
V126,0.0,99.99999999999973
V119,0.0,99.99999999999973
id_10,0.0,99.99999999999973
V155,0.0,99.99999999999973
V123,0.0,99.99999999999973
V125,0.0,99.99999999999973
V120,0.0,99.99999999999973
V137,0.0,99.99999999999973
id_29,0.0,99.99999999999973
HasIdentity,0.0,99.99999999999973
V121,0.0,99.99999999999973
V122,0.0,99.99999999999973
V106,0.0,99.99999999999973
V107,0.0,99.99999999999973
V202,0.0,99.99999999999973
V198,0.0,99.99999999999973
V211,0.0,99.99999999999973
V214,0.0,99.99999999999973
V182,0.0,99.99999999999973
V183,0.0,99.99999999999973
V186,0.0,99.99999999999973
V191,0.0,99.99999999999973
V103,0.0,99.99999999999973
V128,0.0,99.99999999999973
V160,0.0,99.99999999999973
V164,0.0,99.99999999999973
V166,0.0,99.99999999999973
V174,0.0,99.99999999999973
V179,0.0,99.99999999999973
V181,0.0,99.99999999999973
V236,0.0,99.99999999999973
V231,0.0,99.99999999999973
V232,0.0,99.99999999999973
V222,0.0,99.99999999999973
V225,0.0,99.99999999999973
V224,0.0,99.99999999999973
V226,0.0,99.99999999999973
V229,0.0,99.99999999999973
V114,0.0,99.99999999999973
V113,0.0,99.99999999999973
V215,0.0,99.99999999999973
V112,0.0,99.99999999999973
V117,0.0,99.99999999999973
V104,0.0,99.99999999999973
V92,0.0,99.99999999999973
V260,0.0,99.99999999999973
V1,0.0,99.99999999999973
V252,0.0,99.99999999999973
V249,0.0,99.99999999999973
V241,0.0,99.99999999999973
V246,0.0,99.99999999999973
V247,0.0,99.99999999999973
V89,0.0,99.99999999999973
V88,0.0,99.99999999999973
V97,0.0,99.99999999999973
V95,0.0,99.99999999999973
V10,0.0,99.99999999999973
V100,0.0,99.99999999999973
V101,0.0,99.99999999999973
V8,0.0,99.99999999999973
V9,0.0,99.99999999999973
V250,0.0,99.99999999999973
V284,0.0,99.99999999999973
V65,0.0,99.99999999999973
V64,0.0,99.99999999999973
V50,0.0,99.99999999999973
V57,0.0,99.99999999999973
V267,0.0,99.99999999999973
V268,0.0,99.99999999999973
V264,0.0,99.99999999999973
V68,0.0,99.99999999999973
V46,0.0,99.99999999999973
V48,0.0,99.99999999999973
V297,0.0,99.99999999999973
V41,0.0,99.99999999999973
V305,0.0,99.99999999999973
V302,0.0,99.99999999999973
D7,0.0,99.99999999999973
V326,0.0,99.99999999999973
V325,0.0,99.99999999999973
V324,0.0,99.99999999999973
V323,0.0,99.99999999999973
V322,0.0,99.99999999999973
V27,0.0,99.99999999999973
V22,0.0,99.99999999999973
V21,0.0,99.99999999999973
V330,0.0,99.99999999999973
V328,0.0,99.99999999999973
V28,0.0,99.99999999999973
V31,0.0,99.99999999999973
V338,0.0,99.99999999999973
V337,0.0,99.99999999999973
V333,0.0,99.99999999999973
id_04,0.0,99.99999999999973
